x_true (g),x_mean (g),x_std,y_true (g),y_mean (g),y_std,z_true (g),z_mean (g),z_std
0.0,0.10022128285486623,0.002111506014934579,0.0,0.06043013115292243,0.00466911017920244,1.0,0.773104146559077,0.004125620241976361
0.0,0.08154103635433531,0.003203443862445888,0.0,0.03939825374673952,0.0020724899622874514,-1.0,-1.2725749488442166,0.00416839762240595
0.0,0.09860194364040017,0.0024753762022493033,1.0,1.0446952106283722,0.004537151667313676,0.0,-0.25467340483082285,0.004819910485415984
0.0,0.08734057323042169,0.0021617445109243464,-1.0,-0.9559116099425687,0.0039568801976217465,0.0,-0.2470887075587799,0.005632928162594009
1.0,1.092518638202367,0.005507325100654832,0.0,0.03867361196887352,0.002065683601142221,0.0,-0.25794764144190174,0.004108563752301498
-1.0,-0.90685813768181,0.005714263856647017,0.0,0.04860945496274017,0.004956541835769423,0.0,-0.23929468128535195,0.004825101246844948
