x_true (g),x_mean (g),x_std,y_true (g),y_mean (g),y_std,z_true (g),z_mean (g),z_std
0.0,0.09812608487470836,0.0025737177042655353,0.0,0.06165562922032035,0.005493723338806195,1.0,0.7732573739932923,0.004139401450133372
0.0,0.08257166544596355,0.002536827462444712,0.0,0.03998342053643588,0.002065489585252314,-1.0,-1.2704599314722522,0.004958979177776946
0.0,0.0972734329431757,0.003205652658330058,1.0,1.0450264628808104,0.004848238342480323,0.0,-0.25503643005765436,0.004836996405858555
0.0,0.08449767945891672,0.0021625101303908195,-1.0,-0.9554136814109899,0.004433766702810777,0.0,-0.24579995736851554,0.004988028167096509
1.0,1.0913756221634099,0.004544717814522052,0.0,0.038850105079592204,0.0020702234692022534,0.0,-0.2581983391276158,0.004138383675252599
-1.0,-0.9085360759458123,0.004434628566631904,0.0,0.05059823228848401,0.0029709287893796925,0.0,-0.23897874449586629,0.004879636983532829
