x_true (g),x_mean (g),x_std,y_true (g),y_mean (g),y_std,z_true (g),z_mean (g),z_std
0.0,0.0967183115646713,0.0035556126132526575,0.0,0.06127277253975147,0.005402938923301845,1.0,0.7753725743391457,0.0045863877865081676
0.0,0.08074603870770508,0.003990695860050244,0.0,0.03988765236548645,0.002068967006978244,-1.0,-1.2693132719944804,0.005226531791218687
0.0,0.09743444331558296,0.003115209021658907,1.0,1.04460814882287,0.004417014592464976,0.0,-0.2539605959220852,0.005320023072686008
0.0,0.08401380168571493,0.0021865170950565497,-1.0,-0.9553669976956843,0.004512277244784991,0.0,-0.24519353900496227,0.004734922304669601
1.0,1.0908536681581014,0.003938419907470849,0.0,0.03846358842010772,0.0020231934511102372,0.0,-0.25711409125336626,0.004204008275276468
-1.0,-0.9088913444803233,0.004230126138269119,0.0,0.05022074090034026,0.0032238833698101954,0.0,-0.2382075793422054,0.005103678520240151
