x_true (g),x_mean (g),x_std,y_true (g),y_mean (g),y_std,z_true (g),z_mean (g),z_std
0.0,0.09955516051697808,0.002152158857921062,0.0,0.06244920681930471,0.005959255723292995,1.0,0.7720859101295814,0.0042000280964724045
0.0,0.08148270064239228,0.003350956761536645,0.0,0.0412137427064632,0.002237786794555711,-1.0,-1.2718213065950403,0.004304465548707763
0.0,0.10003755267720865,0.0021246881563280777,1.0,1.0460044845770111,0.00559281758062641,0.0,-0.2559453437135258,0.004360576257126074
0.0,0.08407895041737821,0.002117173978611432,-1.0,-0.9547330015279526,0.005154951756012825,0.0,-0.2470926068443286,0.005481853946352048
1.0,1.092169969931416,0.005204201407367796,0.0,0.0380462558790185,0.002106193006045002,0.0,-0.25935100686961204,0.004197632796093107
-1.0,-0.9079413235112637,0.005210828463273648,0.0,0.050843479346167654,0.0027207279111749103,0.0,-0.23898930601833154,0.00484125810463824
